日干支,时干支,值日经,主穴,原穴,今日互用穴,补充穴位,空间穴位
甲子,甲子,肾,无,无,阳辅,无,神门|太溪|大陵|关冲|中冲
甲子,乙丑,肾,行间,无,无,无,神门|太溪|大陵|关冲|中冲
甲子,丙寅,肾,无,无,小海,无,神门|太溪|大陵|关冲|中冲
甲子,丁卯,肾,神门,太溪|大陵,无,无,神门|太溪|大陵|关冲|中冲
甲子,戊辰,肾,无,无,支沟,无,神门|太溪|大陵|关冲|中冲
甲子,己巳,肾,商丘,无,无,隐白,神门|太溪|大陵|关冲|中冲
甲子,庚午,肾,无,无,无,无,神门|太溪|大陵|关冲|中冲
甲子,辛未,肾,尺泽,无,无,鱼际,神门|太溪|大陵|关冲|中冲
甲子,壬申,肾,无,无,无,无,神门|太溪|大陵|关冲|中冲
甲子,癸酉,肾,中冲,无,无,太溪,神门|太溪|大陵|关冲|中冲
甲子,甲戌,胆,足窍阴,无,无,无,陷谷|丘墟|中冲|液门
甲子,乙亥,胆,无,无,中封,无,陷谷|丘墟|中冲|液门
甲戌,甲子,肾,无,无,阳辅,无,神门|太溪|大陵|关冲|中冲
甲戌,乙丑,肾,行间,无,无,无,神门|太溪|大陵|关冲|中冲
甲戌,丙寅,肾,无,无,小海,无,神门|太溪|大陵|关冲|中冲
甲戌,丁卯,肾,神门,太溪|大陵,无,无,神门|太溪|大陵|关冲|中冲
甲戌,戊辰,肾,无,无,支沟,无,神门|太溪|大陵|关冲|中冲
甲戌,己巳,肾,商丘,无,无,隐白,神门|太溪|大陵|关冲|中冲
甲戌,庚午,肾,无,无,无,无,神门|太溪|大陵|关冲|中冲
甲戌,辛未,肾,尺泽,无,无,鱼际,神门|太溪|大陵|关冲|中冲
甲戌,壬申,肾,无,无,无,无,神门|太溪|大陵|关冲|中冲
甲戌,癸酉,肾,中冲,无,无,太溪,神门|太溪|大陵|关冲|中冲
甲戌,甲戌,胆,足窍阴,无,无,无,陷谷|丘墟|中冲|液门
甲戌,乙亥,胆,无,无,中封,无,陷谷|丘墟|中冲|液门
甲申,甲子,肾,无,无,阳辅,无,神门|太溪|大陵|关冲|中冲
甲申,乙丑,肾,行间,无,无,无,神门|太溪|大陵|关冲|中冲
甲申,丙寅,肾,无,无,小海,无,神门|太溪|大陵|关冲|中冲
甲申,丁卯,肾,神门,太溪|大陵,无,无,神门|太溪|大陵|关冲|中冲
甲申,戊辰,肾,无,无,支沟,无,神门|太溪|大陵|关冲|中冲
甲申,己巳,肾,商丘,无,无,隐白,神门|太溪|大陵|关冲|中冲
甲申,庚午,肾,无,无,无,无,神门|太溪|大陵|关冲|中冲
甲申,辛未,肾,尺泽,无,无,鱼际,神门|太溪|大陵|关冲|中冲
甲申,壬申,肾,无,无,无,无,神门|太溪|大陵|关冲|中冲
甲申,癸酉,肾,中冲,无,无,太溪,神门|太溪|大陵|关冲|中冲
甲申,甲戌,胆,足窍阴,无,无,无,陷谷|丘墟|中冲|液门
甲申,乙亥,胆,无,无,中封,无,陷谷|丘墟|中冲|液门
甲午,甲子,肾,无,无,阳辅,无,神门|太溪|大陵|关冲|中冲
甲午,乙丑,肾,行间,无,无,无,神门|太溪|大陵|关冲|中冲
甲午,丙寅,肾,无,无,小海,无,神门|太溪|大陵|关冲|中冲
甲午,丁卯,肾,神门,太溪|大陵,无,无,神门|太溪|大陵|关冲|中冲
甲午,戊辰,肾,无,无,支沟,无,神门|太溪|大陵|关冲|中冲
甲午,己巳,肾,商丘,无,无,隐白,神门|太溪|大陵|关冲|中冲
甲午,庚午,肾,无,无,无,无,神门|太溪|大陵|关冲|中冲
甲午,辛未,肾,尺泽,无,无,鱼际,神门|太溪|大陵|关冲|中冲
甲午,壬申,肾,无,无,无,无,神门|太溪|大陵|关冲|中冲
甲午,癸酉,肾,中冲,无,无,太溪,神门|太溪|大陵|关冲|中冲
甲午,甲戌,胆,足窍阴,无,无,无,陷谷|丘墟|中冲|液门
甲午,乙亥,胆,无,无,中封,无,陷谷|丘墟|中冲|液门
甲辰,甲子,肾,无,无,阳辅,无,神门|太溪|大陵|关冲|中冲
甲辰,乙丑,肾,行间,无,无,无,神门|太溪|大陵|关冲|中冲
甲辰,丙寅,肾,无,无,小海,无,神门|太溪|大陵|关冲|中冲
甲辰,丁卯,肾,神门,太溪|大陵,无,无,神门|太溪|大陵|关冲|中冲
甲辰,戊辰,肾,无,无,支沟,无,神门|太溪|大陵|关冲|中冲
甲辰,己巳,肾,商丘,无,无,隐白,神门|太溪|大陵|关冲|中冲
甲辰,庚午,肾,无,无,无,无,神门|太溪|大陵|关冲|中冲
甲辰,辛未,肾,尺泽,无,无,鱼际,神门|太溪|大陵|关冲|中冲
甲辰,壬申,肾,无,无,无,无,神门|太溪|大陵|关冲|中冲
甲辰,癸酉,肾,中冲,无,无,太溪,神门|太溪|大陵|关冲|中冲
甲辰,甲戌,胆,足窍阴,无,无,无,陷谷|丘墟|中冲|液门
甲辰,乙亥,胆,无,无,中封,无,陷谷|丘墟|中冲|液门
甲寅,甲子,肾,无,无,阳辅,无,神门|太溪|大陵|关冲|中冲
甲寅,乙丑,肾,行间,无,无,无,神门|太溪|大陵|关冲|中冲
甲寅,丙寅,肾,无,无,小海,无,神门|太溪|大陵|关冲|中冲
甲寅,丁卯,肾,神门,太溪|大陵,无,无,神门|太溪|大陵|关冲|中冲
甲寅,戊辰,肾,无,无,支沟,无,神门|太溪|大陵|关冲|中冲
甲寅,己巳,肾,商丘,无,无,隐白,神门|太溪|大陵|关冲|中冲
甲寅,庚午,肾,无,无,无,无,神门|太溪|大陵|关冲|中冲
甲寅,辛未,肾,尺泽,无,无,鱼际,神门|太溪|大陵|关冲|中冲
甲寅,壬申,肾,无,无,无,无,神门|太溪|大陵|关冲|中冲
甲寅,癸酉,肾,中冲,无,无,太溪,神门|太溪|大陵|关冲|中冲
甲寅,甲戌,胆,足窍阴,无,无,无,陷谷|丘墟|中冲|液门
甲寅,乙亥,胆,无,无,中封,无,陷谷|丘墟|中冲|液门
乙丑,丙子,胆,前谷,无,无,无,陷谷|丘墟|中冲|液门
乙丑,丁丑,胆,无,无,少海,无,陷谷|丘墟|中冲|液门
乙丑,戊寅,胆,陷谷,丘墟,无,无,陷谷|丘墟|中冲|液门
乙丑,己卯,胆,无,无,间使,无,陷谷|丘墟|中冲|液门
乙丑,庚辰,胆,阳溪,无,商阳,无,陷谷|丘墟|中冲|液门
乙丑,辛巳,胆,无,无,无,无,陷谷|丘墟|中冲|液门
乙丑,壬午,胆,委中,无,足通骨,无,陷谷|丘墟|中冲|液门
乙丑,癸未,胆,无,无,无,无,陷谷|丘墟|中冲|液门
乙丑,甲申,胆,液门,无,临泣,无,陷谷|丘墟|中冲|液门
乙丑,乙酉,肝,大敦,无,无,无,太白|太冲|液门|劳宫
乙丑,丙戌,肝,无,无,阳谷,无,太白|太冲|液门|劳宫
乙丑,丁亥,肝,少府,无,无,无,太白|太冲|液门|劳宫
乙亥,丙子,胆,前谷,无,无,无,陷谷|丘墟|中冲|液门
乙亥,丁丑,胆,无,无,少海,无,陷谷|丘墟|中冲|液门
乙亥,戊寅,胆,陷谷,丘墟,无,无,陷谷|丘墟|中冲|液门
乙亥,己卯,胆,无,无,间使,无,陷谷|丘墟|中冲|液门
乙亥,庚辰,胆,阳溪,无,商阳,无,陷谷|丘墟|中冲|液门
乙亥,辛巳,胆,无,无,无,无,陷谷|丘墟|中冲|液门
乙亥,壬午,胆,委中,无,足通骨,无,陷谷|丘墟|中冲|液门
乙亥,癸未,胆,无,无,无,无,陷谷|丘墟|中冲|液门
乙亥,甲申,胆,液门,无,临泣,无,陷谷|丘墟|中冲|液门
乙亥,乙酉,肝,大敦,无,无,无,太白|太冲|液门|劳宫
乙亥,丙戌,肝,无,无,阳谷,无,太白|太冲|液门|劳宫
乙亥,丁亥,肝,少府,无,无,无,太白|太冲|液门|劳宫
乙酉,丙子,胆,前谷,无,无,无,陷谷|丘墟|中冲|液门
乙酉,丁丑,胆,无,无,少海,无,陷谷|丘墟|中冲|液门
乙酉,戊寅,胆,陷谷,丘墟,无,无,陷谷|丘墟|中冲|液门
乙酉,己卯,胆,无,无,间使,无,陷谷|丘墟|中冲|液门
乙酉,庚辰,胆,阳溪,无,商阳,无,陷谷|丘墟|中冲|液门
乙酉,辛巳,胆,无,无,无,无,陷谷|丘墟|中冲|液门
乙酉,壬午,胆,委中,无,足通骨,无,陷谷|丘墟|中冲|液门
乙酉,癸未,胆,无,无,无,无,陷谷|丘墟|中冲|液门
乙酉,甲申,胆,液门,无,临泣,无,陷谷|丘墟|中冲|液门
乙酉,乙酉,肝,大敦,无,无,无,太白|太冲|液门|劳宫
乙酉,丙戌,肝,无,无,阳谷,无,太白|太冲|液门|劳宫
乙酉,丁亥,肝,少府,无,无,无,太白|太冲|液门|劳宫
乙未,丙子,胆,前谷,无,无,无,陷谷|丘墟|中冲|液门
乙未,丁丑,胆,无,无,少海,无,陷谷|丘墟|中冲|液门
乙未,戊寅,胆,陷谷,丘墟,无,无,陷谷|丘墟|中冲|液门
乙未,己卯,胆,无,无,间使,无,陷谷|丘墟|中冲|液门
乙未,庚辰,胆,阳溪,无,商阳,无,陷谷|丘墟|中冲|液门
乙未,辛巳,胆,无,无,无,无,陷谷|丘墟|中冲|液门
乙未,壬午,胆,委中,无,足通骨,无,陷谷|丘墟|中冲|液门
乙未,癸未,胆,无,无,无,无,陷谷|丘墟|中冲|液门
乙未,甲申,胆,液门,无,临泣,无,陷谷|丘墟|中冲|液门
乙未,乙酉,肝,大敦,无,无,无,太白|太冲|液门|劳宫
乙未,丙戌,肝,无,无,阳谷,无,太白|太冲|液门|劳宫
乙未,丁亥,肝,少府,无,无,无,太白|太冲|液门|劳宫
乙巳,丙子,胆,前谷,无,无,无,陷谷|丘墟|中冲|液门
乙巳,丁丑,胆,无,无,少海,无,陷谷|丘墟|中冲|液门
乙巳,戊寅,胆,陷谷,丘墟,无,无,陷谷|丘墟|中冲|液门
乙巳,己卯,胆,无,无,间使,无,陷谷|丘墟|中冲|液门
乙巳,庚辰,胆,阳溪,无,商阳,无,陷谷|丘墟|中冲|液门
乙巳,辛巳,胆,无,无,无,无,陷谷|丘墟|中冲|液门
乙巳,壬午,胆,委中,无,足通骨,无,陷谷|丘墟|中冲|液门
乙巳,癸未,胆,无,无,无,无,陷谷|丘墟|中冲|液门
乙巳,甲申,胆,液门,无,临泣,无,陷谷|丘墟|中冲|液门
乙巳,乙酉,肝,大敦,无,无,无,太白|太冲|液门|劳宫
乙巳,丙戌,肝,无,无,阳谷,无,太白|太冲|液门|劳宫
乙巳,丁亥,肝,少府,无,无,无,太白|太冲|液门|劳宫
乙卯,丙子,胆,前谷,无,无,无,陷谷|丘墟|中冲|液门
乙卯,丁丑,胆,无,无,少海,无,陷谷|丘墟|中冲|液门
乙卯,戊寅,胆,陷谷,丘墟,无,无,陷谷|丘墟|中冲|液门
乙卯,己卯,胆,无,无,间使,无,陷谷|丘墟|中冲|液门
乙卯,庚辰,胆,阳溪,无,商阳,无,陷谷|丘墟|中冲|液门
乙卯,辛巳,胆,无,无,无,无,陷谷|丘墟|中冲|液门
乙卯,壬午,胆,委中,无,足通骨,无,陷谷|丘墟|中冲|液门
乙卯,癸未,胆,无,无,无,无,陷谷|丘墟|中冲|液门
乙卯,甲申,胆,液门,无,临泣,无,陷谷|丘墟|中冲|液门
乙卯,乙酉,肝,大敦,无,无,无,太白|太冲|液门|劳宫
乙卯,丙戌,肝,无,无,阳谷,无,太白|太冲|液门|劳宫
乙卯,丁亥,肝,少府,无,无,无,太白|太冲|液门|劳宫
丙寅,戊子,肝,无,无,足三里,无,太白|太冲|液门|劳宫
丙寅,己丑,肝,太白,太冲,无,无,太白|太冲|液门|劳宫
丙寅,庚寅,肝,无,无,天井,无,太白|太冲|液门|劳宫
丙寅,辛卯,肝,经渠,无,无,少商,太白|太冲|液门|劳宫
丙寅,壬辰,肝,无,无,无,无,太白|太冲|液门|劳宫
丙寅,癸巳,肝,阴谷,无,无,然谷,太白|太冲|液门|劳宫
丙寅,甲午,肝,无,无,无,无,太白|太冲|液门|劳宫
丙寅,乙未,肝,劳宫,无,无,太冲,太白|太冲|液门|劳宫
丙寅,丙申,小肠,少泽,无,无,无,三间|腕骨|劳宫|中渚
丙寅,丁酉,小肠,无,无,灵道,无,三间|腕骨|劳宫|中渚
丙寅,戊戌,小肠,内庭,无,无,无,三间|腕骨|劳宫|中渚
丙寅,己亥,小肠,无,无,阴陵泉,无,三间|腕骨|劳宫|中渚
丙子,戊子,肝,无,无,足三里,无,太白|太冲|液门|劳宫
丙子,己丑,肝,太白,太冲,无,无,太白|太冲|液门|劳宫
丙子,庚寅,肝,无,无,天井,无,太白|太冲|液门|劳宫
丙子,辛卯,肝,经渠,无,无,少商,太白|太冲|液门|劳宫
丙子,壬辰,肝,无,无,无,无,太白|太冲|液门|劳宫
丙子,癸巳,肝,阴谷,无,无,然谷,太白|太冲|液门|劳宫
丙子,甲午,肝,无,无,无,无,太白|太冲|液门|劳宫
丙子,乙未,肝,劳宫,无,无,太冲,太白|太冲|液门|劳宫
丙子,丙申,小肠,少泽,无,无,无,三间|腕骨|劳宫|中渚
丙子,丁酉,小肠,无,无,灵道,无,三间|腕骨|劳宫|中渚
丙子,戊戌,小肠,内庭,无,无,无,三间|腕骨|劳宫|中渚
丙子,己亥,小肠,无,无,阴陵泉,无,三间|腕骨|劳宫|中渚
丙戌,戊子,肝,无,无,足三里,无,太白|太冲|液门|劳宫
丙戌,己丑,肝,太白,太冲,无,无,太白|太冲|液门|劳宫
丙戌,庚寅,肝,无,无,天井,无,太白|太冲|液门|劳宫
丙戌,辛卯,肝,经渠,无,无,少商,太白|太冲|液门|劳宫
丙戌,壬辰,肝,无,无,无,无,太白|太冲|液门|劳宫
丙戌,癸巳,肝,阴谷,无,无,然谷,太白|太冲|液门|劳宫
丙戌,甲午,肝,无,无,无,无,太白|太冲|液门|劳宫
丙戌,乙未,肝,劳宫,无,无,太冲,太白|太冲|液门|劳宫
丙戌,丙申,小肠,少泽,无,无,无,三间|腕骨|劳宫|中渚
丙戌,丁酉,小肠,无,无,灵道,无,三间|腕骨|劳宫|中渚
丙戌,戊戌,小肠,内庭,无,无,无,三间|腕骨|劳宫|中渚
丙戌,己亥,小肠,无,无,阴陵泉,无,三间|腕骨|劳宫|中渚
丙申,戊子,肝,无,无,足三里,无,太白|太冲|液门|劳宫
丙申,己丑,肝,太白,太冲,无,无,太白|太冲|液门|劳宫
丙申,庚寅,肝,无,无,天井,无,太白|太冲|液门|劳宫
丙申,辛卯,肝,经渠,无,无,少商,太白|太冲|液门|劳宫
丙申,壬辰,肝,无,无,无,无,太白|太冲|液门|劳宫
丙申,癸巳,肝,阴谷,无,无,然谷,太白|太冲|液门|劳宫
丙申,甲午,肝,无,无,无,无,太白|太冲|液门|劳宫
丙申,乙未,肝,劳宫,无,无,太冲,太白|太冲|液门|劳宫
丙申,丙申,小肠,少泽,无,无,无,三间|腕骨|劳宫|中渚
丙申,丁酉,小肠,无,无,灵道,无,三间|腕骨|劳宫|中渚
丙申,戊戌,小肠,内庭,无,无,无,三间|腕骨|劳宫|中渚
丙申,己亥,小肠,无,无,阴陵泉,无,三间|腕骨|劳宫|中渚
丙午,戊子,肝,无,无,足三里,无,太白|太冲|液门|劳宫
丙午,己丑,肝,太白,太冲,无,无,太白|太冲|液门|劳宫
丙午,庚寅,肝,无,无,天井,无,太白|太冲|液门|劳宫
丙午,辛卯,肝,经渠,无,无,少商,太白|太冲|液门|劳宫
丙午,壬辰,肝,无,无,无,无,太白|太冲|液门|劳宫
丙午,癸巳,肝,阴谷,无,无,然谷,太白|太冲|液门|劳宫
丙午,甲午,肝,无,无,无,无,太白|太冲|液门|劳宫
丙午,乙未,肝,劳宫,无,无,太冲,太白|太冲|液门|劳宫
丙午,丙申,小肠,少泽,无,无,无,三间|腕骨|劳宫|中渚
丙午,丁酉,小肠,无,无,灵道,无,三间|腕骨|劳宫|中渚
丙午,戊戌,小肠,内庭,无,无,无,三间|腕骨|劳宫|中渚
丙午,己亥,小肠,无,无,阴陵泉,无,三间|腕骨|劳宫|中渚
丙辰,戊子,肝,无,无,足三里,无,太白|太冲|液门|劳宫
丙辰,己丑,肝,太白,太冲,无,无,太白|太冲|液门|劳宫
丙辰,庚寅,肝,无,无,天井,无,太白|太冲|液门|劳宫
丙辰,辛卯,肝,经渠,无,无,少商,太白|太冲|液门|劳宫
丙辰,壬辰,肝,无,无,无,无,太白|太冲|液门|劳宫
丙辰,癸巳,肝,阴谷,无,无,然谷,太白|太冲|液门|劳宫
丙辰,甲午,肝,无,无,无,无,太白|太冲|液门|劳宫
丙辰,乙未,肝,劳宫,无,无,太冲,太白|太冲|液门|劳宫
丙辰,丙申,小肠,少泽,无,无,无,三间|腕骨|劳宫|中渚
丙辰,丁酉,小肠,无,无,灵道,无,三间|腕骨|劳宫|中渚
丙辰,戊戌,小肠,内庭,无,无,无,三间|腕骨|劳宫|中渚
丙辰,己亥,小肠,无,无,阴陵泉,无,三间|腕骨|劳宫|中渚
丁卯,庚子,小肠,三间,腕骨,无,无,三间|腕骨|劳宫|中渚
丁卯,辛丑,小肠,无,无,曲泽,无,三间|腕骨|劳宫|中渚
丁卯,壬寅,小肠,昆仑,无,无,至阴,三间|腕骨|劳宫|中渚
丁卯,癸卯,小肠,无,无,无,无,三间|腕骨|劳宫|中渚
丁卯,甲辰,小肠,阳陵泉,无,无,侠溪,三间|腕骨|劳宫|中渚
丁卯,乙巳,小肠,无,无,无,无,三间|腕骨|劳宫|中渚
丁卯,丙午,小肠,中渚,无,无,后溪,三间|腕骨|劳宫|中渚
丁卯,丁未,心,少冲,无,无,无,太渊|神门|中渚|大陵
丁卯,戊申,心,无,无,解溪,无,太渊|神门|中渚|大陵
丁卯,己酉,心,大都,无,无,无,太渊|神门|中渚|大陵
丁卯,庚戌,心,无,无,曲池,无,太渊|神门|中渚|大陵
丁卯,辛亥,心,太渊,神门,无,无,太渊|神门|中渚|大陵
丁丑,庚子,小肠,三间,腕骨,无,无,三间|腕骨|劳宫|中渚
丁丑,辛丑,小肠,无,无,曲泽,无,三间|腕骨|劳宫|中渚
丁丑,壬寅,小肠,昆仑,无,无,至阴,三间|腕骨|劳宫|中渚
丁丑,癸卯,小肠,无,无,无,无,三间|腕骨|劳宫|中渚
丁丑,甲辰,小肠,阳陵泉,无,无,侠溪,三间|腕骨|劳宫|中渚
丁丑,乙巳,小肠,无,无,无,无,三间|腕骨|劳宫|中渚
丁丑,丙午,小肠,中渚,无,无,后溪,三间|腕骨|劳宫|中渚
丁丑,丁未,心,少冲,无,无,无,太渊|神门|中渚|大陵
丁丑,戊申,心,无,无,解溪,无,太渊|神门|中渚|大陵
丁丑,己酉,心,大都,无,无,无,太渊|神门|中渚|大陵
丁丑,庚戌,心,无,无,曲池,无,太渊|神门|中渚|大陵
丁丑,辛亥,心,太渊,神门,无,无,太渊|神门|中渚|大陵
丁亥,庚子,小肠,三间,腕骨,无,无,三间|腕骨|劳宫|中渚
丁亥,辛丑,小肠,无,无,曲泽,无,三间|腕骨|劳宫|中渚
丁亥,壬寅,小肠,昆仑,无,无,至阴,三间|腕骨|劳宫|中渚
丁亥,癸卯,小肠,无,无,无,无,三间|腕骨|劳宫|中渚
丁亥,甲辰,小肠,阳陵泉,无,无,侠溪,三间|腕骨|劳宫|中渚
丁亥,乙巳,小肠,无,无,无,无,三间|腕骨|劳宫|中渚
丁亥,丙午,小肠,中渚,无,无,后溪,三间|腕骨|劳宫|中渚
丁亥,丁未,心,少冲,无,无,无,太渊|神门|中渚|大陵
丁亥,戊申,心,无,无,解溪,无,太渊|神门|中渚|大陵
丁亥,己酉,心,大都,无,无,无,太渊|神门|中渚|大陵
丁亥,庚戌,心,无,无,曲池,无,太渊|神门|中渚|大陵
丁亥,辛亥,心,太渊,神门,无,无,太渊|神门|中渚|大陵
丁酉,庚子,小肠,三间,腕骨,无,无,三间|腕骨|劳宫|中渚
丁酉,辛丑,小肠,无,无,曲泽,无,三间|腕骨|劳宫|中渚
丁酉,壬寅,小肠,昆仑,无,无,至阴,三间|腕骨|劳宫|中渚
丁酉,癸卯,小肠,无,无,无,无,三间|腕骨|劳宫|中渚
丁酉,甲辰,小肠,阳陵泉,无,无,侠溪,三间|腕骨|劳宫|中渚
丁酉,乙巳,小肠,无,无,无,无,三间|腕骨|劳宫|中渚
丁酉,丙午,小肠,中渚,无,无,后溪,三间|腕骨|劳宫|中渚
丁酉,丁未,心,少冲,无,无,无,太渊|神门|中渚|大陵
丁酉,戊申,心,无,无,解溪,无,太渊|神门|中渚|大陵
丁酉,己酉,心,大都,无,无,无,太渊|神门|中渚|大陵
丁酉,庚戌,心,无,无,曲池,无,太渊|神门|中渚|大陵
丁酉,辛亥,心,太渊,神门,无,无,太渊|神门|中渚|大陵
丁未,庚子,小肠,三间,腕骨,无,无,三间|腕骨|劳宫|中渚
丁未,辛丑,小肠,无,无,曲泽,无,三间|腕骨|劳宫|中渚
丁未,壬寅,小肠,昆仑,无,无,至阴,三间|腕骨|劳宫|中渚
丁未,癸卯,小肠,无,无,无,无,三间|腕骨|劳宫|中渚
丁未,甲辰,小肠,阳陵泉,无,无,侠溪,三间|腕骨|劳宫|中渚
丁未,乙巳,小肠,无,无,无,无,三间|腕骨|劳宫|中渚
丁未,丙午,小肠,中渚,无,无,后溪,三间|腕骨|劳宫|中渚
丁未,丁未,心,少冲,无,无,无,太渊|神门|中渚|大陵
丁未,戊申,心,无,无,解溪,无,太渊|神门|中渚|大陵
丁未,己酉,心,大都,无,无,无,太渊|神门|中渚|大陵
丁未,庚戌,心,无,无,曲池,无,太渊|神门|中渚|大陵
丁未,辛亥,心,太渊,神门,无,无,太渊|神门|中渚|大陵
丁巳,庚子,小肠,三间,腕骨,无,无,三间|腕骨|劳宫|中渚
丁巳,辛丑,小肠,无,无,曲泽,无,三间|腕骨|劳宫|中渚
丁巳,壬寅,小肠,昆仑,无,无,至阴,三间|腕骨|劳宫|中渚
丁巳,癸卯,小肠,无,无,无,无,三间|腕骨|劳宫|中渚
丁巳,甲辰,小肠,阳陵泉,无,无,侠溪,三间|腕骨|劳宫|中渚
丁巳,乙巳,小肠,无,无,无,无,三间|腕骨|劳宫|中渚
丁巳,丙午,小肠,中渚,无,无,后溪,三间|腕骨|劳宫|中渚
丁巳,丁未,心,少冲,无,无,无,太渊|神门|中渚|大陵
丁巳,戊申,心,无,无,解溪,无,太渊|神门|中渚|大陵
丁巳,己酉,心,大都,无,无,无,太渊|神门|中渚|大陵
丁巳,庚戌,心,无,无,曲池,无,太渊|神门|中渚|大陵
丁巳,辛亥,心,太渊,神门,无,无,太渊|神门|中渚|大陵
戊辰,壬子,心,无,无,关冲,无,太渊|神门|中渚|大陵
戊辰,癸丑,心,复溜,无,无,无,太渊|神门|中渚|大陵
戊辰,甲寅,心,无,无,无,无,太渊|神门|中渚|大陵
戊辰,乙卯,心,曲泉,无,无,无,太渊|神门|中渚|大陵
戊辰,丙辰,心,无,无,无,无,太渊|神门|中渚|大陵
戊辰,丁巳,心,大陵,无,无,无,太渊|神门|中渚|大陵
戊辰,戊午,胃,厉兑,无,无,无,束谷|冲阳|大陵|支沟
戊辰,己未,胃,无,无,无,无,束谷|冲阳|大陵|支沟
戊辰,庚申,胃,二间,无,无,无,束谷|冲阳|大陵|支沟
戊辰,辛酉,胃,无,无,无,无,束谷|冲阳|大陵|支沟
戊辰,壬戌,胃,束谷,冲阳,无,无,束谷|冲阳|大陵|支沟
戊辰,癸亥,胃,无,无,涌泉,无,束谷|冲阳|大陵|支沟
戊寅,壬子,心,无,无,关冲,无,太渊|神门|中渚|大陵
戊寅,癸丑,心,复溜,无,无,无,太渊|神门|中渚|大陵
戊寅,甲寅,心,无,无,无,无,太渊|神门|中渚|大陵
戊寅,乙卯,心,曲泉,无,无,无,太渊|神门|中渚|大陵
戊寅,丙辰,心,无,无,无,无,太渊|神门|中渚|大陵
戊寅,丁巳,心,大陵,无,无,无,太渊|神门|中渚|大陵
戊寅,戊午,胃,厉兑,无,无,无,束谷|冲阳|大陵|支沟
戊寅,己未,胃,无,无,无,无,束谷|冲阳|大陵|支沟
戊寅,庚申,胃,二间,无,无,无,束谷|冲阳|大陵|支沟
戊寅,辛酉,胃,无,无,无,无,束谷|冲阳|大陵|支沟
戊寅,壬戌,胃,束谷,冲阳,无,无,束谷|冲阳|大陵|支沟
戊寅,癸亥,胃,无,无,涌泉,无,束谷|冲阳|大陵|支沟
戊子,壬子,心,无,无,关冲,无,太渊|神门|中渚|大陵
戊子,癸丑,心,复溜,无,无,无,太渊|神门|中渚|大陵
戊子,甲寅,心,无,无,无,无,太渊|神门|中渚|大陵
戊子,乙卯,心,曲泉,无,无,无,太渊|神门|中渚|大陵
戊子,丙辰,心,无,无,无,无,太渊|神门|中渚|大陵
戊子,丁巳,心,大陵,无,无,无,太渊|神门|中渚|大陵
戊子,戊午,胃,厉兑,无,无,无,束谷|冲阳|大陵|支沟
戊子,己未,胃,无,无,无,无,束谷|冲阳|大陵|支沟
戊子,庚申,胃,二间,无,无,无,束谷|冲阳|大陵|支沟
戊子,辛酉,胃,无,无,无,无,束谷|冲阳|大陵|支沟
戊子,壬戌,胃,束谷,冲阳,无,无,束谷|冲阳|大陵|支沟
戊子,癸亥,胃,无,无,涌泉,无,束谷|冲阳|大陵|支沟
戊戌,壬子,心,无,无,关冲,无,太渊|神门|中渚|大陵
戊戌,癸丑,心,复溜,无,无,无,太渊|神门|中渚|大陵
戊戌,甲寅,心,无,无,无,无,太渊|神门|中渚|大陵
戊戌,乙卯,心,曲泉,无,无,无,太渊|神门|中渚|大陵
戊戌,丙辰,心,无,无,无,无,太渊|神门|中渚|大陵
戊戌,丁巳,心,大陵,无,无,无,太渊|神门|中渚|大陵
戊戌,戊午,胃,厉兑,无,无,无,束谷|冲阳|大陵|支沟
戊戌,己未,胃,无,无,无,无,束谷|冲阳|大陵|支沟
戊戌,庚申,胃,二间,无,无,无,束谷|冲阳|大陵|支沟
戊戌,辛酉,胃,无,无,无,无,束谷|冲阳|大陵|支沟
戊戌,壬戌,胃,束谷,冲阳,无,无,束谷|冲阳|大陵|支沟
戊戌,癸亥,胃,无,无,涌泉,无,束谷|冲阳|大陵|支沟
戊申,壬子,心,无,无,关冲,无,太渊|神门|中渚|大陵
戊申,癸丑,心,复溜,无,无,无,太渊|神门|中渚|大陵
戊申,甲寅,心,无,无,无,无,太渊|神门|中渚|大陵
戊申,乙卯,心,曲泉,无,无,无,太渊|神门|中渚|大陵
戊申,丙辰,心,无,无,无,无,太渊|神门|中渚|大陵
戊申,丁巳,心,大陵,无,无,无,太渊|神门|中渚|大陵
戊申,戊午,胃,厉兑,无,无,无,束谷|冲阳|大陵|支沟
戊申,己未,胃,无,无,无,无,束谷|冲阳|大陵|支沟
戊申,庚申,胃,二间,无,无,无,束谷|冲阳|大陵|支沟
戊申,辛酉,胃,无,无,无,无,束谷|冲阳|大陵|支沟
戊申,壬戌,胃,束谷,冲阳,无,无,束谷|冲阳|大陵|支沟
戊申,癸亥,胃,无,无,涌泉,无,束谷|冲阳|大陵|支沟
戊午,壬子,心,无,无,关冲,无,太渊|神门|中渚|大陵
戊午,癸丑,心,复溜,无,无,无,太渊|神门|中渚|大陵
戊午,甲寅,心,无,无,无,无,太渊|神门|中渚|大陵
戊午,乙卯,心,曲泉,无,无,无,太渊|神门|中渚|大陵
戊午,丙辰,心,无,无,无,无,太渊|神门|中渚|大陵
戊午,丁巳,心,大陵,无,无,无,太渊|神门|中渚|大陵
戊午,戊午,胃,厉兑,无,无,无,束谷|冲阳|大陵|支沟
戊午,己未,胃,无,无,无,无,束谷|冲阳|大陵|支沟
戊午,庚申,胃,二间,无,无,无,束谷|冲阳|大陵|支沟
戊午,辛酉,胃,无,无,无,无,束谷|冲阳|大陵|支沟
戊午,壬戌,胃,束谷,冲阳,无,无,束谷|冲阳|大陵|支沟
戊午,癸亥,胃,无,无,涌泉,无,束谷|冲阳|大陵|支沟
己巳,甲子,胃,阳辅,无,无,无,束谷|冲阳|大陵|支沟
己巳,乙丑,胃,无,无,行间,无,束谷|冲阳|大陵|支沟
己巳,丙寅,胃,小海,无,无,无,束谷|冲阳|大陵|支沟
己巳,丁卯,胃,无,无,神门,无,束谷|冲阳|大陵|支沟
己巳,戊辰,胃,支沟,无,无,无,束谷|冲阳|大陵|支沟
己巳,己巳,脾,隐白,无,无,商丘,太溪|太白|支沟|间使
己巳,庚午,脾,无,无,无,无,太溪|太白|支沟|间使
己巳,辛未,脾,鱼际,无,无,尺泽,太溪|太白|支沟|间使
己巳,壬申,脾,无,无,无,无,太溪|太白|支沟|间使
己巳,癸酉,脾,太溪,太白,无,中冲,太溪|太白|支沟|间使
己巳,甲戌,脾,无,无,足窍阴,无,太溪|太白|支沟|间使
己巳,乙亥,脾,中封,无,无,无,太溪|太白|支沟|间使
己卯,甲子,胃,阳辅,无,无,无,束谷|冲阳|大陵|支沟
己卯,乙丑,胃,无,无,行间,无,束谷|冲阳|大陵|支沟
己卯,丙寅,胃,小海,无,无,无,束谷|冲阳|大陵|支沟
己卯,丁卯,胃,无,无,神门,无,束谷|冲阳|大陵|支沟
己卯,戊辰,胃,支沟,无,无,无,束谷|冲阳|大陵|支沟
己卯,己巳,脾,隐白,无,无,商丘,太溪|太白|支沟|间使
己卯,庚午,脾,无,无,无,无,太溪|太白|支沟|间使
己卯,辛未,脾,鱼际,无,无,尺泽,太溪|太白|支沟|间使
己卯,壬申,脾,无,无,无,无,太溪|太白|支沟|间使
己卯,癸酉,脾,太溪,太白,无,中冲,太溪|太白|支沟|间使
己卯,甲戌,脾,无,无,足窍阴,无,太溪|太白|支沟|间使
己卯,乙亥,脾,中封,无,无,无,太溪|太白|支沟|间使
己丑,甲子,胃,阳辅,无,无,无,束谷|冲阳|大陵|支沟
己丑,乙丑,胃,无,无,行间,无,束谷|冲阳|大陵|支沟
己丑,丙寅,胃,小海,无,无,无,束谷|冲阳|大陵|支沟
己丑,丁卯,胃,无,无,神门,无,束谷|冲阳|大陵|支沟
己丑,戊辰,胃,支沟,无,无,无,束谷|冲阳|大陵|支沟
己丑,己巳,脾,隐白,无,无,商丘,太溪|太白|支沟|间使
己丑,庚午,脾,无,无,无,无,太溪|太白|支沟|间使
己丑,辛未,脾,鱼际,无,无,尺泽,太溪|太白|支沟|间使
己丑,壬申,脾,无,无,无,无,太溪|太白|支沟|间使
己丑,癸酉,脾,太溪,太白,无,中冲,太溪|太白|支沟|间使
己丑,甲戌,脾,无,无,足窍阴,无,太溪|太白|支沟|间使
己丑,乙亥,脾,中封,无,无,无,太溪|太白|支沟|间使
己亥,甲子,胃,阳辅,无,无,无,束谷|冲阳|大陵|支沟
己亥,乙丑,胃,无,无,行间,无,束谷|冲阳|大陵|支沟
己亥,丙寅,胃,小海,无,无,无,束谷|冲阳|大陵|支沟
己亥,丁卯,胃,无,无,神门,无,束谷|冲阳|大陵|支沟
己亥,戊辰,胃,支沟,无,无,无,束谷|冲阳|大陵|支沟
己亥,己巳,脾,隐白,无,无,商丘,太溪|太白|支沟|间使
己亥,庚午,脾,无,无,无,无,太溪|太白|支沟|间使
己亥,辛未,脾,鱼际,无,无,尺泽,太溪|太白|支沟|间使
己亥,壬申,脾,无,无,无,无,太溪|太白|支沟|间使
己亥,癸酉,脾,太溪,太白,无,中冲,太溪|太白|支沟|间使
己亥,甲戌,脾,无,无,足窍阴,无,太溪|太白|支沟|间使
己亥,乙亥,脾,中封,无,无,无,太溪|太白|支沟|间使
己酉,甲子,胃,阳辅,无,无,无,束谷|冲阳|大陵|支沟
己酉,乙丑,胃,无,无,行间,无,束谷|冲阳|大陵|支沟
己酉,丙寅,胃,小海,无,无,无,束谷|冲阳|大陵|支沟
己酉,丁卯,胃,无,无,神门,无,束谷|冲阳|大陵|支沟
己酉,戊辰,胃,支沟,无,无,无,束谷|冲阳|大陵|支沟
己酉,己巳,脾,隐白,无,无,商丘,太溪|太白|支沟|间使
己酉,庚午,脾,无,无,无,无,太溪|太白|支沟|间使
己酉,辛未,脾,鱼际,无,无,尺泽,太溪|太白|支沟|间使
己酉,壬申,脾,无,无,无,无,太溪|太白|支沟|间使
己酉,癸酉,脾,太溪,太白,无,中冲,太溪|太白|支沟|间使
己酉,甲戌,脾,无,无,足窍阴,无,太溪|太白|支沟|间使
己酉,乙亥,脾,中封,无,无,无,太溪|太白|支沟|间使
己未,甲子,胃,阳辅,无,无,无,束谷|冲阳|大陵|支沟
己未,乙丑,胃,无,无,行间,无,束谷|冲阳|大陵|支沟
己未,丙寅,胃,小海,无,无,无,束谷|冲阳|大陵|支沟
己未,丁卯,胃,无,无,神门,无,束谷|冲阳|大陵|支沟
己未,戊辰,胃,支沟,无,无,无,束谷|冲阳|大陵|支沟
己未,己巳,脾,隐白,无,无,商丘,太溪|太白|支沟|间使
己未,庚午,脾,无,无,无,无,太溪|太白|支沟|间使
己未,辛未,脾,鱼际,无,无,尺泽,太溪|太白|支沟|间使
己未,壬申,脾,无,无,无,无,太溪|太白|支沟|间使
己未,癸酉,脾,太溪,太白,无,中冲,太溪|太白|支沟|间使
己未,甲戌,脾,无,无,足窍阴,无,太溪|太白|支沟|间使
己未,乙亥,脾,中封,无,无,无,太溪|太白|支沟|间使
庚午,丙子,脾,无,无,前谷,无,太溪|太白|支沟|间使
庚午,丁丑,脾,少海,无,无,无,太溪|太白|支沟|间使
庚午,戊寅,脾,无,无,陷谷,无,太溪|太白|支沟|间使
庚午,己卯,脾,间使,无,无,无,太溪|太白|支沟|间使
庚午,庚辰,大肠,商阳,无,无,阳溪,临泣|合谷|间使|天井
庚午,辛巳,大肠,无,无,无,无,临泣|合谷|间使|天井
庚午,壬午,大肠,足通骨,无,无,委中,临泣|合谷|间使|天井
庚午,癸未,大肠,无,无,无,无,临泣|合谷|间使|天井
庚午,甲申,大肠,临泣,合谷,无,液门,临泣|合谷|间使|天井
庚午,乙酉,大肠,无,无,大敦,无,临泣|合谷|间使|天井
庚午,丙戌,大肠,阳谷,无,无,无,临泣|合谷|间使|天井
庚午,丁亥,大肠,无,无,少府,无,临泣|合谷|间使|天井
庚辰,丙子,脾,无,无,前谷,无,太溪|太白|支沟|间使
庚辰,丁丑,脾,少海,无,无,无,太溪|太白|支沟|间使
庚辰,戊寅,脾,无,无,陷谷,无,太溪|太白|支沟|间使
庚辰,己卯,脾,间使,无,无,无,太溪|太白|支沟|间使
庚辰,庚辰,大肠,商阳,无,无,阳溪,临泣|合谷|间使|天井
庚辰,辛巳,大肠,无,无,无,无,临泣|合谷|间使|天井
庚辰,壬午,大肠,足通骨,无,无,委中,临泣|合谷|间使|天井
庚辰,癸未,大肠,无,无,无,无,临泣|合谷|间使|天井
庚辰,甲申,大肠,临泣,合谷,无,液门,临泣|合谷|间使|天井
庚辰,乙酉,大肠,无,无,大敦,无,临泣|合谷|间使|天井
庚辰,丙戌,大肠,阳谷,无,无,无,临泣|合谷|间使|天井
庚辰,丁亥,大肠,无,无,少府,无,临泣|合谷|间使|天井
庚寅,丙子,脾,无,无,前谷,无,太溪|太白|支沟|间使
庚寅,丁丑,脾,少海,无,无,无,太溪|太白|支沟|间使
庚寅,戊寅,脾,无,无,陷谷,无,太溪|太白|支沟|间使
庚寅,己卯,脾,间使,无,无,无,太溪|太白|支沟|间使
庚寅,庚辰,大肠,商阳,无,无,阳溪,临泣|合谷|间使|天井
庚寅,辛巳,大肠,无,无,无,无,临泣|合谷|间使|天井
庚寅,壬午,大肠,足通骨,无,无,委中,临泣|合谷|间使|天井
庚寅,癸未,大肠,无,无,无,无,临泣|合谷|间使|天井
庚寅,甲申,大肠,临泣,合谷,无,液门,临泣|合谷|间使|天井
庚寅,乙酉,大肠,无,无,大敦,无,临泣|合谷|间使|天井
庚寅,丙戌,大肠,阳谷,无,无,无,临泣|合谷|间使|天井
庚寅,丁亥,大肠,无,无,少府,无,临泣|合谷|间使|天井
庚子,丙子,脾,无,无,前谷,无,太溪|太白|支沟|间使
庚子,丁丑,脾,少海,无,无,无,太溪|太白|支沟|间使
庚子,戊寅,脾,无,无,陷谷,无,太溪|太白|支沟|间使
庚子,己卯,脾,间使,无,无,无,太溪|太白|支沟|间使
庚子,庚辰,大肠,商阳,无,无,阳溪,临泣|合谷|间使|天井
庚子,辛巳,大肠,无,无,无,无,临泣|合谷|间使|天井
庚子,壬午,大肠,足通骨,无,无,委中,临泣|合谷|间使|天井
庚子,癸未,大肠,无,无,无,无,临泣|合谷|间使|天井
庚子,甲申,大肠,临泣,合谷,无,液门,临泣|合谷|间使|天井
庚子,乙酉,大肠,无,无,大敦,无,临泣|合谷|间使|天井
庚子,丙戌,大肠,阳谷,无,无,无,临泣|合谷|间使|天井
庚子,丁亥,大肠,无,无,少府,无,临泣|合谷|间使|天井
庚戌,丙子,脾,无,无,前谷,无,太溪|太白|支沟|间使
庚戌,丁丑,脾,少海,无,无,无,太溪|太白|支沟|间使
庚戌,戊寅,脾,无,无,陷谷,无,太溪|太白|支沟|间使
庚戌,己卯,脾,间使,无,无,无,太溪|太白|支沟|间使
庚戌,庚辰,大肠,商阳,无,无,阳溪,临泣|合谷|间使|天井
庚戌,辛巳,大肠,无,无,无,无,临泣|合谷|间使|天井
庚戌,壬午,大肠,足通骨,无,无,委中,临泣|合谷|间使|天井
庚戌,癸未,大肠,无,无,无,无,临泣|合谷|间使|天井
庚戌,甲申,大肠,临泣,合谷,无,液门,临泣|合谷|间使|天井
庚戌,乙酉,大肠,无,无,大敦,无,临泣|合谷|间使|天井
庚戌,丙戌,大肠,阳谷,无,无,无,临泣|合谷|间使|天井
庚戌,丁亥,大肠,无,无,少府,无,临泣|合谷|间使|天井
庚申,丙子,脾,无,无,前谷,无,太溪|太白|支沟|间使
庚申,丁丑,脾,少海,无,无,无,太溪|太白|支沟|间使
庚申,戊寅,脾,无,无,陷谷,无,太溪|太白|支沟|间使
庚申,己卯,脾,间使,无,无,无,太溪|太白|支沟|间使
庚申,庚辰,大肠,商阳,无,无,阳溪,临泣|合谷|间使|天井
庚申,辛巳,大肠,无,无,无,无,临泣|合谷|间使|天井
庚申,壬午,大肠,足通骨,无,无,委中,临泣|合谷|间使|天井
庚申,癸未,大肠,无,无,无,无,临泣|合谷|间使|天井
庚申,甲申,大肠,临泣,合谷,无,液门,临泣|合谷|间使|天井
庚申,乙酉,大肠,无,无,大敦,无,临泣|合谷|间使|天井
庚申,丙戌,大肠,阳谷,无,无,无,临泣|合谷|间使|天井
庚申,丁亥,大肠,无,无,少府,无,临泣|合谷|间使|天井
辛未,戊子,大肠,足三里,无,无,无,临泣|合谷|间使|天井
辛未,己丑,大肠,无,无,太白,无,临泣|合谷|间使|天井
辛未,庚寅,大肠,天井,无,无,无,临泣|合谷|间使|天井
辛未,辛卯,肺,少商,无,无,经渠,太冲|太渊|天井|曲泽
辛未,壬辰,肺,无,无,无,无,太冲|太渊|天井|曲泽
辛未,癸巳,肺,然谷,无,无,阴谷,太冲|太渊|天井|曲泽
辛未,甲午,肺,无,无,无,无,太冲|太渊|天井|曲泽
辛未,乙未,肺,太冲,太渊,无,劳宫,太冲|太渊|天井|曲泽
辛未,丙申,肺,无,无,少泽,无,太冲|太渊|天井|曲泽
辛未,丁酉,肺,灵道,无,无,无,太冲|太渊|天井|曲泽
辛未,戊戌,肺,无,无,内庭,无,太冲|太渊|天井|曲泽
辛未,己亥,肺,阴陵泉,无,无,无,太冲|太渊|天井|曲泽
辛巳,戊子,大肠,足三里,无,无,无,临泣|合谷|间使|天井
辛巳,己丑,大肠,无,无,太白,无,临泣|合谷|间使|天井
辛巳,庚寅,大肠,天井,无,无,无,临泣|合谷|间使|天井
辛巳,辛卯,肺,少商,无,无,经渠,太冲|太渊|天井|曲泽
辛巳,壬辰,肺,无,无,无,无,太冲|太渊|天井|曲泽
辛巳,癸巳,肺,然谷,无,无,阴谷,太冲|太渊|天井|曲泽
辛巳,甲午,肺,无,无,无,无,太冲|太渊|天井|曲泽
辛巳,乙未,肺,太冲,太渊,无,劳宫,太冲|太渊|天井|曲泽
辛巳,丙申,肺,无,无,少泽,无,太冲|太渊|天井|曲泽
辛巳,丁酉,肺,灵道,无,无,无,太冲|太渊|天井|曲泽
辛巳,戊戌,肺,无,无,内庭,无,太冲|太渊|天井|曲泽
辛巳,己亥,肺,阴陵泉,无,无,无,太冲|太渊|天井|曲泽
辛卯,戊子,大肠,足三里,无,无,无,临泣|合谷|间使|天井
辛卯,己丑,大肠,无,无,太白,无,临泣|合谷|间使|天井
辛卯,庚寅,大肠,天井,无,无,无,临泣|合谷|间使|天井
辛卯,辛卯,肺,少商,无,无,经渠,太冲|太渊|天井|曲泽
辛卯,壬辰,肺,无,无,无,无,太冲|太渊|天井|曲泽
辛卯,癸巳,肺,然谷,无,无,阴谷,太冲|太渊|天井|曲泽
辛卯,甲午,肺,无,无,无,无,太冲|太渊|天井|曲泽
辛卯,乙未,肺,太冲,太渊,无,劳宫,太冲|太渊|天井|曲泽
辛卯,丙申,肺,无,无,少泽,无,太冲|太渊|天井|曲泽
辛卯,丁酉,肺,灵道,无,无,无,太冲|太渊|天井|曲泽
辛卯,戊戌,肺,无,无,内庭,无,太冲|太渊|天井|曲泽
辛卯,己亥,肺,阴陵泉,无,无,无,太冲|太渊|天井|曲泽
辛丑,戊子,大肠,足三里,无,无,无,临泣|合谷|间使|天井
辛丑,己丑,大肠,无,无,太白,无,临泣|合谷|间使|天井
辛丑,庚寅,大肠,天井,无,无,无,临泣|合谷|间使|天井
辛丑,辛卯,肺,少商,无,无,经渠,太冲|太渊|天井|曲泽
辛丑,壬辰,肺,无,无,无,无,太冲|太渊|天井|曲泽
辛丑,癸巳,肺,然谷,无,无,阴谷,太冲|太渊|天井|曲泽
辛丑,甲午,肺,无,无,无,无,太冲|太渊|天井|曲泽
辛丑,乙未,肺,太冲,太渊,无,劳宫,太冲|太渊|天井|曲泽
辛丑,丙申,肺,无,无,少泽,无,太冲|太渊|天井|曲泽
辛丑,丁酉,肺,灵道,无,无,无,太冲|太渊|天井|曲泽
辛丑,戊戌,肺,无,无,内庭,无,太冲|太渊|天井|曲泽
辛丑,己亥,肺,阴陵泉,无,无,无,太冲|太渊|天井|曲泽
辛亥,戊子,大肠,足三里,无,无,无,临泣|合谷|间使|天井
辛亥,己丑,大肠,无,无,太白,无,临泣|合谷|间使|天井
辛亥,庚寅,大肠,天井,无,无,无,临泣|合谷|间使|天井
辛亥,辛卯,肺,少商,无,无,经渠,太冲|太渊|天井|曲泽
辛亥,壬辰,肺,无,无,无,无,太冲|太渊|天井|曲泽
辛亥,癸巳,肺,然谷,无,无,阴谷,太冲|太渊|天井|曲泽
辛亥,甲午,肺,无,无,无,无,太冲|太渊|天井|曲泽
辛亥,乙未,肺,太冲,太渊,无,劳宫,太冲|太渊|天井|曲泽
辛亥,丙申,肺,无,无,少泽,无,太冲|太渊|天井|曲泽
辛亥,丁酉,肺,灵道,无,无,无,太冲|太渊|天井|曲泽
辛亥,戊戌,肺,无,无,内庭,无,太冲|太渊|天井|曲泽
辛亥,己亥,肺,阴陵泉,无,无,无,太冲|太渊|天井|曲泽
辛酉,戊子,大肠,足三里,无,无,无,临泣|合谷|间使|天井
辛酉,己丑,大肠,无,无,太白,无,临泣|合谷|间使|天井
辛酉,庚寅,大肠,天井,无,无,无,临泣|合谷|间使|天井
辛酉,辛卯,肺,少商,无,无,经渠,太冲|太渊|天井|曲泽
辛酉,壬辰,肺,无,无,无,无,太冲|太渊|天井|曲泽
辛酉,癸巳,肺,然谷,无,无,阴谷,太冲|太渊|天井|曲泽
辛酉,甲午,肺,无,无,无,无,太冲|太渊|天井|曲泽
辛酉,乙未,肺,太冲,太渊,无,劳宫,太冲|太渊|天井|曲泽
辛酉,丙申,肺,无,无,少泽,无,太冲|太渊|天井|曲泽
辛酉,丁酉,肺,灵道,无,无,无,太冲|太渊|天井|曲泽
辛酉,戊戌,肺,无,无,内庭,无,太冲|太渊|天井|曲泽
辛酉,己亥,肺,阴陵泉,无,无,无,太冲|太渊|天井|曲泽
壬申,庚子,肺,无,无,三间,无,太冲|太渊|天井|曲泽
壬申,辛丑,肺,曲泽,无,无,无,太冲|太渊|天井|曲泽
壬申,壬寅,膀胱,至阴,无,无,昆仑,后溪|京骨|阳池|曲泽|关冲
壬申,癸卯,膀胱,无,无,无,无,后溪|京骨|阳池|曲泽|关冲
壬申,甲辰,膀胱,侠溪,无,无,阳陵泉,后溪|京骨|阳池|曲泽|关冲
壬申,乙巳,膀胱,无,无,无,无,后溪|京骨|阳池|曲泽|关冲
壬申,丙午,膀胱,后溪,京骨|阳池,无,中渚,后溪|京骨|阳池|曲泽|关冲
壬申,丁未,膀胱,无,无,少冲,无,后溪|京骨|阳池|曲泽|关冲
壬申,戊申,膀胱,解溪,无,无,无,后溪|京骨|阳池|曲泽|关冲
壬申,己酉,膀胱,无,无,大都,无,后溪|京骨|阳池|曲泽|关冲
壬申,庚戌,膀胱,曲池,无,无,无,后溪|京骨|阳池|曲泽|关冲
壬申,辛亥,膀胱,无,无,太渊,无,后溪|京骨|阳池|曲泽|关冲
壬午,庚子,肺,无,无,三间,无,太冲|太渊|天井|曲泽
壬午,辛丑,肺,曲泽,无,无,无,太冲|太渊|天井|曲泽
壬午,壬寅,膀胱,至阴,无,无,昆仑,后溪|京骨|阳池|曲泽|关冲
壬午,癸卯,膀胱,无,无,无,无,后溪|京骨|阳池|曲泽|关冲
壬午,甲辰,膀胱,侠溪,无,无,阳陵泉,后溪|京骨|阳池|曲泽|关冲
壬午,乙巳,膀胱,无,无,无,无,后溪|京骨|阳池|曲泽|关冲
壬午,丙午,膀胱,后溪,京骨|阳池,无,中渚,后溪|京骨|阳池|曲泽|关冲
壬午,丁未,膀胱,无,无,少冲,无,后溪|京骨|阳池|曲泽|关冲
壬午,戊申,膀胱,解溪,无,无,无,后溪|京骨|阳池|曲泽|关冲
壬午,己酉,膀胱,无,无,大都,无,后溪|京骨|阳池|曲泽|关冲
壬午,庚戌,膀胱,曲池,无,无,无,后溪|京骨|阳池|曲泽|关冲
壬午,辛亥,膀胱,无,无,太渊,无,后溪|京骨|阳池|曲泽|关冲
壬辰,庚子,肺,无,无,三间,无,太冲|太渊|天井|曲泽
壬辰,辛丑,肺,曲泽,无,无,无,太冲|太渊|天井|曲泽
壬辰,壬寅,膀胱,至阴,无,无,昆仑,后溪|京骨|阳池|曲泽|关冲
壬辰,癸卯,膀胱,无,无,无,无,后溪|京骨|阳池|曲泽|关冲
壬辰,甲辰,膀胱,侠溪,无,无,阳陵泉,后溪|京骨|阳池|曲泽|关冲
壬辰,乙巳,膀胱,无,无,无,无,后溪|京骨|阳池|曲泽|关冲
壬辰,丙午,膀胱,后溪,京骨|阳池,无,中渚,后溪|京骨|阳池|曲泽|关冲
壬辰,丁未,膀胱,无,无,少冲,无,后溪|京骨|阳池|曲泽|关冲
壬辰,戊申,膀胱,解溪,无,无,无,后溪|京骨|阳池|曲泽|关冲
壬辰,己酉,膀胱,无,无,大都,无,后溪|京骨|阳池|曲泽|关冲
壬辰,庚戌,膀胱,曲池,无,无,无,后溪|京骨|阳池|曲泽|关冲
壬辰,辛亥,膀胱,无,无,太渊,无,后溪|京骨|阳池|曲泽|关冲
壬寅,庚子,肺,无,无,三间,无,太冲|太渊|天井|曲泽
壬寅,辛丑,肺,曲泽,无,无,无,太冲|太渊|天井|曲泽
壬寅,壬寅,膀胱,至阴,无,无,昆仑,后溪|京骨|阳池|曲泽|关冲
壬寅,癸卯,膀胱,无,无,无,无,后溪|京骨|阳池|曲泽|关冲
壬寅,甲辰,膀胱,侠溪,无,无,阳陵泉,后溪|京骨|阳池|曲泽|关冲
壬寅,乙巳,膀胱,无,无,无,无,后溪|京骨|阳池|曲泽|关冲
壬寅,丙午,膀胱,后溪,京骨|阳池,无,中渚,后溪|京骨|阳池|曲泽|关冲
壬寅,丁未,膀胱,无,无,少冲,无,后溪|京骨|阳池|曲泽|关冲
壬寅,戊申,膀胱,解溪,无,无,无,后溪|京骨|阳池|曲泽|关冲
壬寅,己酉,膀胱,无,无,大都,无,后溪|京骨|阳池|曲泽|关冲
壬寅,庚戌,膀胱,曲池,无,无,无,后溪|京骨|阳池|曲泽|关冲
壬寅,辛亥,膀胱,无,无,太渊,无,后溪|京骨|阳池|曲泽|关冲
壬子,庚子,肺,无,无,三间,无,太冲|太渊|天井|曲泽
壬子,辛丑,肺,曲泽,无,无,无,太冲|太渊|天井|曲泽
壬子,壬寅,膀胱,至阴,无,无,昆仑,后溪|京骨|阳池|曲泽|关冲
壬子,癸卯,膀胱,无,无,无,无,后溪|京骨|阳池|曲泽|关冲
壬子,甲辰,膀胱,侠溪,无,无,阳陵泉,后溪|京骨|阳池|曲泽|关冲
壬子,乙巳,膀胱,无,无,无,无,后溪|京骨|阳池|曲泽|关冲
壬子,丙午,膀胱,后溪,京骨|阳池,无,中渚,后溪|京骨|阳池|曲泽|关冲
壬子,丁未,膀胱,无,无,少冲,无,后溪|京骨|阳池|曲泽|关冲
壬子,戊申,膀胱,解溪,无,无,无,后溪|京骨|阳池|曲泽|关冲
壬子,己酉,膀胱,无,无,大都,无,后溪|京骨|阳池|曲泽|关冲
壬子,庚戌,膀胱,曲池,无,无,无,后溪|京骨|阳池|曲泽|关冲
壬子,辛亥,膀胱,无,无,太渊,无,后溪|京骨|阳池|曲泽|关冲
壬戌,庚子,肺,无,无,三间,无,太冲|太渊|天井|曲泽
壬戌,辛丑,肺,曲泽,无,无,无,太冲|太渊|天井|曲泽
壬戌,壬寅,膀胱,至阴,无,无,昆仑,后溪|京骨|阳池|曲泽|关冲
壬戌,癸卯,膀胱,无,无,无,无,后溪|京骨|阳池|曲泽|关冲
壬戌,甲辰,膀胱,侠溪,无,无,阳陵泉,后溪|京骨|阳池|曲泽|关冲
壬戌,乙巳,膀胱,无,无,无,无,后溪|京骨|阳池|曲泽|关冲
壬戌,丙午,膀胱,后溪,京骨|阳池,无,中渚,后溪|京骨|阳池|曲泽|关冲
壬戌,丁未,膀胱,无,无,少冲,无,后溪|京骨|阳池|曲泽|关冲
壬戌,戊申,膀胱,解溪,无,无,无,后溪|京骨|阳池|曲泽|关冲
壬戌,己酉,膀胱,无,无,大都,无,后溪|京骨|阳池|曲泽|关冲
壬戌,庚戌,膀胱,曲池,无,无,无,后溪|京骨|阳池|曲泽|关冲
壬戌,辛亥,膀胱,无,无,太渊,无,后溪|京骨|阳池|曲泽|关冲
癸酉,壬子,膀胱,关冲,无,无,无,后溪|京骨|阳池|曲泽|关冲
癸酉,癸丑,无,无,无,复溜,无,后溪|神门|阳池|太溪|曲泽|中冲
癸酉,甲寅,无,无,无,无,无,后溪|神门|阳池|太溪|曲泽|中冲
癸酉,乙卯,无,无,无,曲泉,无,后溪|神门|阳池|太溪|曲泽|中冲
癸酉,丙辰,无,无,无,无,无,后溪|神门|阳池|太溪|曲泽|中冲
癸酉,丁巳,无,无,无,大陵,无,后溪|神门|阳池|太溪|曲泽|中冲
癸酉,戊午,无,无,无,厉兑,无,后溪|神门|阳池|太溪|曲泽|中冲
癸酉,己未,无,无,无,无,无,后溪|神门|阳池|太溪|曲泽|中冲
癸酉,庚申,无,无,无,二间,无,后溪|神门|阳池|太溪|曲泽|中冲
癸酉,辛酉,无,无,无,无,无,后溪|神门|阳池|太溪|曲泽|中冲
癸酉,壬戌,无,无,无,束谷,无,后溪|神门|阳池|太溪|曲泽|中冲
癸酉,癸亥,肾,涌泉,无,无,无,神门|太溪|大陵|关冲|中冲
癸未,壬子,膀胱,关冲,无,无,无,后溪|京骨|阳池|曲泽|关冲
癸未,癸丑,无,无,无,复溜,无,后溪|神门|阳池|太溪|曲泽|中冲
癸未,甲寅,无,无,无,无,无,后溪|神门|阳池|太溪|曲泽|中冲
癸未,乙卯,无,无,无,曲泉,无,后溪|神门|阳池|太溪|曲泽|中冲
癸未,丙辰,无,无,无,无,无,后溪|神门|阳池|太溪|曲泽|中冲
癸未,丁巳,无,无,无,大陵,无,后溪|神门|阳池|太溪|曲泽|中冲
癸未,戊午,无,无,无,厉兑,无,后溪|神门|阳池|太溪|曲泽|中冲
癸未,己未,无,无,无,无,无,后溪|神门|阳池|太溪|曲泽|中冲
癸未,庚申,无,无,无,二间,无,后溪|神门|阳池|太溪|曲泽|中冲
癸未,辛酉,无,无,无,无,无,后溪|神门|阳池|太溪|曲泽|中冲
癸未,壬戌,无,无,无,束谷,无,后溪|神门|阳池|太溪|曲泽|中冲
癸未,癸亥,肾,涌泉,无,无,无,神门|太溪|大陵|关冲|中冲
癸巳,壬子,膀胱,关冲,无,无,无,后溪|京骨|阳池|曲泽|关冲
癸巳,癸丑,无,无,无,复溜,无,后溪|神门|阳池|太溪|曲泽|中冲
癸巳,甲寅,无,无,无,无,无,后溪|神门|阳池|太溪|曲泽|中冲
癸巳,乙卯,无,无,无,曲泉,无,后溪|神门|阳池|太溪|曲泽|中冲
癸巳,丙辰,无,无,无,无,无,后溪|神门|阳池|太溪|曲泽|中冲
癸巳,丁巳,无,无,无,大陵,无,后溪|神门|阳池|太溪|曲泽|中冲
癸巳,戊午,无,无,无,厉兑,无,后溪|神门|阳池|太溪|曲泽|中冲
癸巳,己未,无,无,无,无,无,后溪|神门|阳池|太溪|曲泽|中冲
癸巳,庚申,无,无,无,二间,无,后溪|神门|阳池|太溪|曲泽|中冲
癸巳,辛酉,无,无,无,无,无,后溪|神门|阳池|太溪|曲泽|中冲
癸巳,壬戌,无,无,无,束谷,无,后溪|神门|阳池|太溪|曲泽|中冲
癸巳,癸亥,肾,涌泉,无,无,无,神门|太溪|大陵|关冲|中冲
癸卯,壬子,膀胱,关冲,无,无,无,后溪|京骨|阳池|曲泽|关冲
癸卯,癸丑,无,无,无,复溜,无,后溪|神门|阳池|太溪|曲泽|中冲
癸卯,甲寅,无,无,无,无,无,后溪|神门|阳池|太溪|曲泽|中冲
癸卯,乙卯,无,无,无,曲泉,无,后溪|神门|阳池|太溪|曲泽|中冲
癸卯,丙辰,无,无,无,无,无,后溪|神门|阳池|太溪|曲泽|中冲
癸卯,丁巳,无,无,无,大陵,无,后溪|神门|阳池|太溪|曲泽|中冲
癸卯,戊午,无,无,无,厉兑,无,后溪|神门|阳池|太溪|曲泽|中冲
癸卯,己未,无,无,无,无,无,后溪|神门|阳池|太溪|曲泽|中冲
癸卯,庚申,无,无,无,二间,无,后溪|神门|阳池|太溪|曲泽|中冲
癸卯,辛酉,无,无,无,无,无,后溪|神门|阳池|太溪|曲泽|中冲
癸卯,壬戌,无,无,无,束谷,无,后溪|神门|阳池|太溪|曲泽|中冲
癸卯,癸亥,肾,涌泉,无,无,无,神门|太溪|大陵|关冲|中冲
癸丑,壬子,膀胱,关冲,无,无,无,后溪|京骨|阳池|曲泽|关冲
癸丑,癸丑,无,无,无,复溜,无,后溪|神门|阳池|太溪|曲泽|中冲
癸丑,甲寅,无,无,无,无,无,后溪|神门|阳池|太溪|曲泽|中冲
癸丑,乙卯,无,无,无,曲泉,无,后溪|神门|阳池|太溪|曲泽|中冲
癸丑,丙辰,无,无,无,无,无,后溪|神门|阳池|太溪|曲泽|中冲
癸丑,丁巳,无,无,无,大陵,无,后溪|神门|阳池|太溪|曲泽|中冲
癸丑,戊午,无,无,无,厉兑,无,后溪|神门|阳池|太溪|曲泽|中冲
癸丑,己未,无,无,无,无,无,后溪|神门|阳池|太溪|曲泽|中冲
癸丑,庚申,无,无,无,二间,无,后溪|神门|阳池|太溪|曲泽|中冲
癸丑,辛酉,无,无,无,无,无,后溪|神门|阳池|太溪|曲泽|中冲
癸丑,壬戌,无,无,无,束谷,无,后溪|神门|阳池|太溪|曲泽|中冲
癸丑,癸亥,肾,涌泉,无,无,无,神门|太溪|大陵|关冲|中冲
癸亥,壬子,膀胱,关冲,无,无,无,后溪|京骨|阳池|曲泽|关冲
癸亥,癸丑,无,无,无,复溜,无,后溪|神门|阳池|太溪|曲泽|中冲
癸亥,甲寅,无,无,无,无,无,后溪|神门|阳池|太溪|曲泽|中冲
癸亥,乙卯,无,无,无,曲泉,无,后溪|神门|阳池|太溪|曲泽|中冲
癸亥,丙辰,无,无,无,无,无,后溪|神门|阳池|太溪|曲泽|中冲
癸亥,丁巳,无,无,无,大陵,无,后溪|神门|阳池|太溪|曲泽|中冲
癸亥,戊午,无,无,无,厉兑,无,后溪|神门|阳池|太溪|曲泽|中冲
癸亥,己未,无,无,无,无,无,后溪|神门|阳池|太溪|曲泽|中冲
癸亥,庚申,无,无,无,二间,无,后溪|神门|阳池|太溪|曲泽|中冲
癸亥,辛酉,无,无,无,无,无,后溪|神门|阳池|太溪|曲泽|中冲
癸亥,壬戌,无,无,无,束谷,无,后溪|神门|阳池|太溪|曲泽|中冲
癸亥,癸亥,肾,涌泉,无,无,无,神门|太溪|大陵|关冲|中冲
